"보고 시작","보고 종료","광고 이름","광고 게재","광고 세트 이름",입찰,"입찰 유형","광고 세트 예산","광고 세트 예산 유형","최근 영향이 큰 변경","기여 설정",결과,"결과 표시 도구",도달,노출,"지출 금액 (KRW)","웹사이트 구매 전환값","웹사이트 구매 ROAS(광고 지출 대비 수익률)","결과당 비용","CPC(링크 클릭당 비용) (KRW)",CTR(전체),"고유 아웃바운드 CTR(클릭률)",객단가,"유입 대비 전환율",AOV,"게시물 참여"
2026-04-28,2026-05-27,,0,,0,0,0,0,0,"여러 기여 설정",,,144563,295249,7893813,,,,,1.434044,,,,,
2026-04-28,2026-05-27,260401_아치스포츠_이미지_힙업_엉짱녀_4대5_KB_1안,inactive,260401_아치스포츠_힙업_엉짱녀,0,ABSOLUTE_OCPM,100000,"일일 예산",2026-04-01T12:27:46+0900,"클릭 후 7일, 조회 후 1일 또는 참여한 조회 후 1일",,,0,0,0,,,,,0,,,,,
2026-04-28,2026-05-27,260401_아치스포츠_이미지_힙업_애플힙_4대5_KB_1안,inactive,260401_아치스포츠_힙업_애플힙,0,ABSOLUTE_OCPM,150000,"일일 예산",2026-04-01T12:27:46+0900,"클릭 후 7일, 조회 후 1일 또는 참여한 조회 후 1일",,,0,0,0,,,,,0,,,,,
2026-04-28,2026-05-27,260401_아치스포츠_이미지_힙업_엉짱녀_4대5_KB_2안,inactive,260401_아치스포츠_힙업_엉짱녀,0,ABSOLUTE_OCPM,100000,"일일 예산",2026-04-01T12:27:46+0900,"클릭 후 7일, 조회 후 1일 또는 참여한 조회 후 1일",,,0,0,0,,,,,0,,,,,
2026-04-28,2026-05-27,260401_아치스포츠_이미지_힙업_엉짱녀_4대5_KB_3안,inactive,260401_아치스포츠_힙업_엉짱녀,0,ABSOLUTE_OCPM,100000,"일일 예산",2026-04-01T12:27:46+0900,"클릭 후 7일, 조회 후 1일 또는 참여한 조회 후 1일",,,0,0,0,,,,,0,,,,,
2026-04-28,2026-05-27,260401_아치스포츠_이미지_힙업_애플힙_4대5_KB_2안,inactive,260401_아치스포츠_힙업_애플힙,0,ABSOLUTE_OCPM,150000,"일일 예산",2026-04-01T12:27:46+0900,"클릭 후 7일, 조회 후 1일 또는 참여한 조회 후 1일",,,0,0,0,,,,,0,,,,,
2026-04-28,2026-05-27,260401_아치스포츠_이미지_힙업_애플힙_4대5_KB_4안,inactive,260401_아치스포츠_힙업_애플힙,0,ABSOLUTE_OCPM,150000,"일일 예산",2026-04-01T12:27:46+0900,"클릭 후 7일, 조회 후 1일 또는 참여한 조회 후 1일",,,0,0,0,,,,,0,,,,,
2026-04-28,2026-05-27,260331_아치스포츠_이미지_힙업_아이엄마_4대5_KB_6안,not_delivering,260417_아치스포츠_힙업_아이엄마,0,ABSOLUTE_OCPM,72000,"일일 예산",2026-04-17T18:22:22+0900,"클릭 후 7일, 조회 후 1일 또는 참여한 조회 후 1일",,,0,0,0,,,,,0,,,,,
2026-04-28,2026-05-27,260429_아치스포츠_숏폼_힙업_힙업다걸었습니다_4대5_LO,inactive,260430_아치스포츠_힙업,0,ABSOLUTE_OCPM,300000,"일일 예산",2026-05-06T14:05:33+0900,"클릭 후 7일, 조회 후 1일 또는 참여한 조회 후 1일",46,actions:offsite_conversion.fb_pixel_purchase,23531,39621,1436680,1802700,1.254768,31232.17391304,2190.060976,1.759168,2.460584,39189.13043478,0.07012195,39189.13043478,10377
2026-04-28,2026-05-27,260515_아치스포츠_숏폼_미용_힙업_뉴컬러디벨롭_4대5_WE,inactive,260430_아치스포츠_힙업,0,ABSOLUTE_OCPM,300000,"일일 예산",2026-05-06T14:05:33+0900,"클릭 후 7일, 조회 후 1일 또는 참여한 조회 후 1일",,,1470,1642,43248,,,,3089.142857,0.791717,0.816327,,0,,179
2026-04-28,2026-05-27,260515_아치스포츠_숏폼_미용_힙업_후기형_숨막히는_KB_인트로3,inactive,260430_아치스포츠_힙업,0,ABSOLUTE_OCPM,300000,"일일 예산",2026-05-06T14:05:33+0900,"클릭 후 7일, 조회 후 1일 또는 참여한 조회 후 1일",4,actions:offsite_conversion.fb_pixel_purchase,5249,6266,167808,189160,1.127241,41952,2151.384615,1.228854,1.409792,47290,0.05128205,47290,1211
2026-04-28,2026-05-27,260515_아치스포츠_숏폼_미용_힙업_후기형_숨막히는_KB_인트로1,inactive,260430_아치스포츠_힙업,0,ABSOLUTE_OCPM,300000,"일일 예산",2026-05-06T14:05:33+0900,"클릭 후 7일, 조회 후 1일 또는 참여한 조회 후 1일",21,actions:offsite_conversion.fb_pixel_purchase,22021,26506,799690,1057274,1.322105,38080.47619048,2579.645161,1.248774,1.239726,50346.38095238,0.06774194,50346.38095238,5965
2026-04-28,2026-05-27,260515_아치스포츠_숏폼_미용_힙업_후기형_힙테스트_9대16_KB_인트로2,inactive,260511_아치스포츠_힙업,0,ABSOLUTE_OCPM,180000,"일일 예산",2026-05-11T18:36:22+0900,"클릭 후 7일, 조회 후 1일 또는 참여한 조회 후 1일",,,4259,4572,83007,,,,3320.28,0.612423,0.563513,,0,,512
2026-04-28,2026-05-27,260401_아치스포츠_이미지_힙업_엉짱녀_4대5_KB_4안,inactive,260401_아치스포츠_힙업_엉짱녀,0,ABSOLUTE_OCPM,100000,"일일 예산",2026-04-01T12:27:46+0900,"클릭 후 7일, 조회 후 1일 또는 참여한 조회 후 1일",,,0,0,0,,,,,0,,,,,
2026-04-28,2026-05-27,260403_아치스포츠_숏폼_힙업_애플힙_9대16_LO_인트로1,inactive,260408_아치스포츠_숏폼_애플힙,0,ABSOLUTE_OCPM,80000,"일일 예산",2026-04-08T17:37:05+0900,"클릭 후 7일, 조회 후 1일 또는 참여한 조회 후 1일",,,0,0,0,,,,,0,,,,,
2026-04-28,2026-05-27,260403_아치스포츠_숏폼_힙업_애플힙_9대16_LO_인트로2,inactive,260408_아치스포츠_숏폼_애플힙,0,ABSOLUTE_OCPM,80000,"일일 예산",2026-04-08T17:37:05+0900,"클릭 후 7일, 조회 후 1일 또는 참여한 조회 후 1일",,,0,0,0,,,,,0,,,,,
2026-04-28,2026-05-27,260331_아치스포츠_이미지_힙업_아이엄마_4대5_KB_1안,inactive,260417_아치스포츠_힙업_아이엄마,0,ABSOLUTE_OCPM,72000,"일일 예산",2026-04-17T18:22:22+0900,"클릭 후 7일, 조회 후 1일 또는 참여한 조회 후 1일",,,0,0,0,,,,,0,,,,,
2026-04-28,2026-05-27,260331_아치스포츠_이미지_힙업_아이엄마_4대5_KB_4안,inactive,260417_아치스포츠_힙업_아이엄마,0,ABSOLUTE_OCPM,72000,"일일 예산",2026-04-17T18:22:22+0900,"클릭 후 7일, 조회 후 1일 또는 참여한 조회 후 1일",,,0,0,0,,,,,0,,,,,
2026-04-28,2026-05-27,260331_아치스포츠_이미지_힙업_아이엄마_4대5_KB_5안,inactive,260417_아치스포츠_힙업_아이엄마,0,ABSOLUTE_OCPM,72000,"일일 예산",2026-04-17T18:22:22+0900,"클릭 후 7일, 조회 후 1일 또는 참여한 조회 후 1일",,,0,0,0,,,,,0,,,,,
2026-04-28,2026-05-27,260423_아치스포츠_이미지_인플(채린라벨)_힙업무물_KI,inactive,260427_아치스포츠_2차가공_채린_세트분리,0,ABSOLUTE_OCPM,200000,"일일 예산",2026-04-28T12:35:48+0900,"클릭 후 7일, 조회 후 1일 또는 참여한 조회 후 1일",6,actions:offsite_conversion.fb_pixel_purchase,9906,14384,297644,224790,0.755231,49607.33333333,1837.308642,1.161012,1.271956,37465,0.03703704,37465,167
2026-04-28,2026-05-27,260511_아치스포츠_숏폼_힙업_그냥이거에요_LO,inactive,260511_아치스포츠_힙업,0,ABSOLUTE_OCPM,180000,"일일 예산",2026-05-11T18:36:22+0900,"클릭 후 7일, 조회 후 1일 또는 참여한 조회 후 1일",7,actions:offsite_conversion.fb_pixel_purchase,13205,16052,300530,311360,1.036036,42932.85714286,1278.851064,1.451533,1.340401,44480,0.02978723,44480,2493
2026-04-28,2026-05-27,260515_아치스포츠_숏폼_미용_힙업_후기형_숨막히는_KB_인트로2,inactive,260430_아치스포츠_힙업,0,ABSOLUTE_OCPM,300000,"일일 예산",2026-05-06T14:05:33+0900,"클릭 후 7일, 조회 후 1일 또는 참여한 조회 후 1일",8,actions:offsite_conversion.fb_pixel_purchase,6950,8023,216085,281790,1.30407,27010.625,1862.801724,1.558021,1.582734,35223.75,0.06896552,35223.75,1938
2026-04-28,2026-05-27,260520_아치스포츠_이미지_베네핏_힙업_딱7일_1대1_SI,inactive,260521_아치스포츠_베네핏,0,ABSOLUTE_OCPM,80000,"일일 예산",2026-05-21T15:19:31+0900,"클릭 후 7일, 조회 후 1일 또는 참여한 조회 후 1일",3,actions:offsite_conversion.fb_pixel_purchase,3470,4470,111513,105395,0.945136,37171,2230.26,1.319911,1.325648,35131.66666667,0.06,35131.66666667,55
2026-04-28,2026-05-27,260520_아치스포츠_영상_힙업_주목이거만껴도_4대5_KI,active,260511_아치스포츠_힙업,0,ABSOLUTE_OCPM,180000,"일일 예산",2026-05-11T18:36:22+0900,"클릭 후 7일, 조회 후 1일 또는 참여한 조회 후 1일",2,actions:offsite_conversion.fb_pixel_purchase,2724,2966,62683,101800,1.624045,31341.5,1694.135135,1.213756,1.284875,50900,0.05405405,50900,924
2026-04-28,2026-05-27,260522_아치스포츠_영상_미용_힙업_힙업효과__SI,active,260511_아치스포츠_힙업,0,ABSOLUTE_OCPM,180000,"일일 예산",2026-05-11T18:36:22+0900,"클릭 후 7일, 조회 후 1일 또는 참여한 조회 후 1일",6,actions:offsite_conversion.fb_pixel_purchase,5690,6711,244680,246800,1.008664,40780,2265.555556,1.668902,1.739895,41133.33333333,0.05555556,41133.33333333,1620
2026-04-28,2026-05-27,260401_아치스포츠_이미지_힙업_엉짱녀_4대5_KB_5안,inactive,260401_아치스포츠_힙업_엉짱녀,0,ABSOLUTE_OCPM,100000,"일일 예산",2026-04-01T12:27:46+0900,"클릭 후 7일, 조회 후 1일 또는 참여한 조회 후 1일",,,0,0,0,,,,,0,,,,,
2026-04-28,2026-05-27,260401_아치스포츠_이미지_힙업_애플힙_4대5_KB_3안,inactive,260401_아치스포츠_힙업_애플힙,0,ABSOLUTE_OCPM,150000,"일일 예산",2026-04-01T12:27:46+0900,"클릭 후 7일, 조회 후 1일 또는 참여한 조회 후 1일",,,0,0,0,,,,,0,,,,,
2026-04-28,2026-05-27,260331_아치스포츠_이미지_힙업_아이엄마_4대5_KB_3안,inactive,260417_아치스포츠_힙업_아이엄마,0,ABSOLUTE_OCPM,72000,"일일 예산",2026-04-17T18:22:22+0900,"클릭 후 7일, 조회 후 1일 또는 참여한 조회 후 1일",,,0,0,0,,,,,0,,,,,
2026-04-28,2026-05-27,260423_아치스포츠_이미지_인플(채린라벨)_힙업무물_KI,inactive,260422_아치스포츠_2차가공_채린,0,ABSOLUTE_OCPM,220000,"일일 예산",2026-04-22T18:30:54+0900,"클릭 후 7일, 조회 후 1일 또는 참여한 조회 후 1일",,,0,0,0,,,,,0,,,,,
2026-04-28,2026-05-27,260423_아치스포츠_영상_미용_힙업_놀란템_9대16_KB_인트로1,inactive,260424_아치스포츠_힙업_놀란템_여성,0,ABSOLUTE_OCPM,120000,"일일 예산",2026-04-24T15:30:14+0900,"클릭 후 7일, 조회 후 1일 또는 참여한 조회 후 1일",,,0,0,0,,,,,0,,,,,
2026-04-28,2026-05-27,260423_아치스포츠_영상_미용_힙업_놀란템_9대16_KB_인트로2,inactive,260424_아치스포츠_힙업_놀란템_여성,0,ABSOLUTE_OCPM,120000,"일일 예산",2026-04-24T15:30:14+0900,"클릭 후 7일, 조회 후 1일 또는 참여한 조회 후 1일",3,actions:offsite_conversion.fb_pixel_purchase,4385,5699,281699,103400,0.367058,93899.66666667,1131.321285,3.965608,4.082098,34466.66666667,0.01204819,34466.66666667,2363
2026-04-28,2026-05-27,260430_아치스포츠_이미지_베네핏_x힙업추천템_9대16_KB_1안,inactive,260430_아치스포츠_힙업,0,ABSOLUTE_OCPM,300000,"일일 예산",2026-05-06T14:05:33+0900,"클릭 후 7일, 조회 후 1일 또는 참여한 조회 후 1일",2,actions:offsite_conversion.fb_pixel_purchase,3068,4011,88470,68600,0.775404,44235,2106.428571,1.146846,1.336375,34300,0.04761905,34300,43
2026-04-28,2026-05-27,260430_아치스포츠_이미지_베네핏_x힙업추천템_9대16_KB_2안,inactive,260430_아치스포츠_힙업,0,ABSOLUTE_OCPM,300000,"일일 예산",2026-05-06T14:05:33+0900,"클릭 후 7일, 조회 후 1일 또는 참여한 조회 후 1일",4,actions:offsite_conversion.fb_pixel_purchase,6393,8013,284541,272510,0.957718,71135.25,1812.363057,2.021715,2.377601,68127.5,0.02547771,68127.5,162
2026-04-28,2026-05-27,260506_아치스포츠_영상_미용_힙업_엉밑살지흡_WE_1안,inactive,260430_아치스포츠_힙업,0,ABSOLUTE_OCPM,300000,"일일 예산",2026-05-06T14:05:33+0900,"클릭 후 7일, 조회 후 1일 또는 참여한 조회 후 1일",2,actions:offsite_conversion.fb_pixel_purchase,4370,5007,156292,122860,0.786093,78146,3552.090909,0.958658,0.961098,61430,0.04545455,61430,1170
2026-04-28,2026-05-27,260511_아치스포츠_영상_힙업_캐시템_LO,inactive,260511_아치스포츠_힙업,0,ABSOLUTE_OCPM,180000,"일일 예산",2026-05-11T18:36:22+0900,"클릭 후 7일, 조회 후 1일 또는 참여한 조회 후 1일",7,actions:offsite_conversion.fb_pixel_purchase,9219,10623,348356,315610,0.905998,49765.14285714,3349.576923,1.082557,1.019633,45087.14285714,0.06730769,45087.14285714,2816
2026-04-28,2026-05-27,260515_아치스포츠_숏폼_미용_힙업_후기형_힙테스트_9대16_KB_인트로1,inactive,260511_아치스포츠_힙업,0,ABSOLUTE_OCPM,180000,"일일 예산",2026-05-11T18:36:22+0900,"클릭 후 7일, 조회 후 1일 또는 참여한 조회 후 1일",,,3483,3823,63177,,,,3325.105263,0.496992,0.401952,,0,,469
2026-04-28,2026-05-27,260520_아치스포츠_영상_힙업_미친단종_4대5_KI,inactive,260511_아치스포츠_힙업,0,ABSOLUTE_OCPM,180000,"일일 예산",2026-05-11T18:36:22+0900,"클릭 후 7일, 조회 후 1일 또는 참여한 조회 후 1일",24,actions:offsite_conversion.fb_pixel_purchase,33972,41292,853178,1116460,1.30859,35549.08333333,2075.858881,1.097065,1.127399,46519.16666667,0.05839416,46519.16666667,10727
2026-04-28,2026-05-27,260401_아치스포츠_이미지_힙업_애플힙_4대5_KB_5안,inactive,260401_아치스포츠_힙업_애플힙,0,ABSOLUTE_OCPM,150000,"일일 예산",2026-04-01T12:27:46+0900,"클릭 후 7일, 조회 후 1일 또는 참여한 조회 후 1일",,,0,0,0,,,,,0,,,,,
2026-04-28,2026-05-27,260331_아치스포츠_이미지_힙업_아이엄마_4대5_KB_2안,inactive,260417_아치스포츠_힙업_아이엄마,0,ABSOLUTE_OCPM,72000,"일일 예산",2026-04-17T18:22:22+0900,"클릭 후 7일, 조회 후 1일 또는 참여한 조회 후 1일",,,0,0,0,,,,,0,,,,,
2026-04-28,2026-05-27,260506_아치스포츠_영상_미용_힙업_엉밑살지흡_WE_2안,inactive,260430_아치스포츠_힙업,0,ABSOLUTE_OCPM,300000,"일일 예산",2026-05-06T14:05:33+0900,"클릭 후 7일, 조회 후 1일 또는 참여한 조회 후 1일",50,actions:offsite_conversion.fb_pixel_purchase,40953,53987,1572982,2150734,1.367297,31459.64,1991.116456,1.709671,1.775206,43014.68,0.06329114,43014.68,19318
2026-04-28,2026-05-27,260508_아치스포츠_숏폼_미용_힙업_헬스2년째_SI,inactive,260511_아치스포츠_힙업,0,ABSOLUTE_OCPM,180000,"일일 예산",2026-05-11T18:36:22+0900,"클릭 후 7일, 조회 후 1일 또는 참여한 조회 후 1일",18,actions:offsite_conversion.fb_pixel_purchase,26890,31581,481550,597561,1.240912,26752.77777778,1468.140244,1.152592,1.152845,33197.83333333,0.05487805,33197.83333333,3888
